,,,,,,
GivenName,Surname,Name,Path,SamAccount Name,EmailAddress,
James,Mary,James Mary,"OU=Temp123,DC=BOAAD2,DC=com",jamemar,james.mary@boa.com,
Robert,Patricia,Robert Patricia,"OU=Temp123,DC=BOAAD2,DC=com",robepat,robert.patricia@boa.com,
John,Jennifer,John Jennifer,"OU=Temp123,DC=BOAAD2,DC=com",johnjen,john.jennifer@boa.com,
Michael,Linda,Michael Linda,"OU=Temp123,DC=BOAAD2,DC=com",michlin,michael.linda@boa.com,
William,Elizabeth,William Elizabeth,"OU=Temp123,DC=BOAAD2,DC=com",willeli,william.elizabeth@boa.com,
David,Barbara,David Barbara,"OU=Temp123,DC=BOAAD2,DC=com",davibar,david.barbara@boa.com,
Richard,Susan,Richard Susan,"OU=Temp123,DC=BOAAD2,DC=com",richsus,richard.susan@boa.com,
Joseph,Jessica,Joseph Jessica,"OU=Temp123,DC=BOAAD2,DC=com",josejes,joseph.jessica@boa.com,
Thomas,Sarah,Thomas Sarah,"OU=Temp123,DC=BOAAD2,DC=com",thomsar,thomas.sarah@boa.com,
Charles,Karen,Charles Karen,"OU=Temp123,DC=BOAAD2,DC=com",charkar,charles.karen@boa.com,
Christopher,Nancy,Christopher Nancy,"OU=Temp123,DC=BOAAD2,DC=com",chrinan,christopher.nancy@boa.com,
Daniel,Lisa,Daniel Lisa,"OU=Temp123,DC=BOAAD2,DC=com",danilis,daniel.lisa@boa.com,
Matthew,Betty,Matthew Betty,"OU=Temp123,DC=BOAAD2,DC=com",mattbet,matthew.betty@boa.com,
Anthony,Margaret,Anthony Margaret,"OU=Temp123,DC=BOAAD2,DC=com",anthmar,anthony.margaret@boa.com,
Mark,Sandra,Mark Sandra,"OU=Temp123,DC=BOAAD2,DC=com",marksan,mark.sandra@boa.com,
Donald,Ashley,Donald Ashley,"OU=Temp123,DC=BOAAD2,DC=com",donaash,donald.ashley@boa.com,
Steven,Kimberly,Steven Kimberly,"OU=Temp123,DC=BOAAD2,DC=com",stevkim,steven.kimberly@boa.com,
Paul,Emily,Paul Emily,"OU=Temp123,DC=BOAAD2,DC=com",paulemi,paul.emily@boa.com,
Andrew,Donna,Andrew Donna,"OU=Temp123,DC=BOAAD2,DC=com",andrdon,andrew.donna@boa.com,
Joshua,Michelle,Joshua Michelle,"OU=Temp123,DC=BOAAD2,DC=com",joshmic,joshua.michelle@boa.com,
Kenneth,Dorothy,Kenneth Dorothy,"OU=Temp123,DC=BOAAD2,DC=com",kenndor,kenneth.dorothy@boa.com,
Kevin,Carol,Kevin Carol,"OU=Temp123,DC=BOAAD2,DC=com",kevicar,kevin.carol@boa.com,
Brian,Amanda,Brian Amanda,"OU=Temp123,DC=BOAAD2,DC=com",briaama,brian.amanda@boa.com,
George,Melissa,George Melissa,"OU=Temp123,DC=BOAAD2,DC=com",geormel,george.melissa@boa.com,
Edward,Deborah,Edward Deborah,"OU=Temp123,DC=BOAAD2,DC=com",edwadeb,edward.deborah@boa.com,
Ronald,Stephanie,Ronald Stephanie,"OU=Temp123,DC=BOAAD2,DC=com",ronaste,ronald.stephanie@boa.com,
Timothy,Rebecca,Timothy Rebecca,"OU=Temp123,DC=BOAAD2,DC=com",timoreb,timothy.rebecca@boa.com,
Jason,Sharon,Jason Sharon,"OU=Temp123,DC=BOAAD2,DC=com",jasosha,jason.sharon@boa.com,
Jeffrey,Laura,Jeffrey Laura,"OU=Temp123,DC=BOAAD2,DC=com",jefflau,jeffrey.laura@boa.com,
Ryan,Cynthia,Ryan Cynthia,"OU=Temp123,DC=BOAAD2,DC=com",ryancyn,ryan.cynthia@boa.com,
Jacob,Kathleen,Jacob Kathleen,"OU=Temp123,DC=BOAAD2,DC=com",jacokat,jacob.kathleen@boa.com,
Gary,Amy,Gary Amy,"OU=Temp123,DC=BOAAD2,DC=com",garyamy,gary.amy@boa.com,
Nicholas,Shirley,Nicholas Shirley,"OU=Temp123,DC=BOAAD2,DC=com",nichshi,nicholas.shirley@boa.com,
Eric,Angela,Eric Angela,"OU=Temp123,DC=BOAAD2,DC=com",ericang,eric.angela@boa.com,
Jonathan,Helen,Jonathan Helen,"OU=Temp123,DC=BOAAD2,DC=com",jonahel,jonathan.helen@boa.com,
Stephen,Anna,Stephen Anna,"OU=Temp123,DC=BOAAD2,DC=com",stepann,stephen.anna@boa.com,
Larry,Brenda,Larry Brenda,"OU=Temp123,DC=BOAAD2,DC=com",larrbre,larry.brenda@boa.com,
Justin,Pamela,Justin Pamela,"OU=Temp123,DC=BOAAD2,DC=com",justpam,justin.pamela@boa.com,
Scott,Nicole,Scott Nicole,"OU=Temp123,DC=BOAAD2,DC=com",scotnic,scott.nicole@boa.com,
Brandon,Emma,Brandon Emma,"OU=Temp123,DC=BOAAD2,DC=com",branemm,brandon.emma@boa.com,
Benjamin,Samantha,Benjamin Samantha,"OU=Temp123,DC=BOAAD2,DC=com",benjsam,benjamin.samantha@boa.com,
Samuel,Katherine,Samuel Katherine,"OU=Temp123,DC=BOAAD2,DC=com",samukat,samuel.katherine@boa.com,
Gregory,Christine,Gregory Christine,"OU=Temp123,DC=BOAAD2,DC=com",gregchr,gregory.christine@boa.com,
Frank,Debra,Frank Debra,"OU=Temp123,DC=BOAAD2,DC=com",frandeb,frank.debra@boa.com,
Alexander,Rachel,Alexander Rachel,"OU=Temp123,DC=BOAAD2,DC=com",alexrac,alexander.rachel@boa.com,
Raymond,Catherine,Raymond Catherine,"OU=Temp123,DC=BOAAD2,DC=com",raymcat,raymond.catherine@boa.com,
Patrick,Carolyn,Patrick Carolyn,"OU=Temp123,DC=BOAAD2,DC=com",patrcar,patrick.carolyn@boa.com,
Jack,Janet,Jack Janet,"OU=Temp123,DC=BOAAD2,DC=com",jackjan,jack.janet@boa.com,
Dennis,Ruth,Dennis Ruth,"OU=Temp123,DC=BOAAD2,DC=com",dennrut,dennis.ruth@boa.com,
Jerry,Maria,Jerry Maria,"OU=Temp123,DC=BOAAD2,DC=com",jerrmar,jerry.maria@boa.com,
Tyler,Heather,Tyler Heather,"OU=Temp123,DC=BOAAD2,DC=com",tylehea,tyler.heather@boa.com,
Aaron,Diane,Aaron Diane,"OU=Temp123,DC=BOAAD2,DC=com",aarodia,aaron.diane@boa.com,
Jose,Virginia,Jose Virginia,"OU=Temp123,DC=BOAAD2,DC=com",josevir,jose.virginia@boa.com,
Adam,Julie,Adam Julie,"OU=Temp123,DC=BOAAD2,DC=com",adamjul,adam.julie@boa.com,
Henry,Joyce,Henry Joyce,"OU=Temp123,DC=BOAAD2,DC=com",henrjoy,henry.joyce@boa.com,
Nathan,Victoria,Nathan Victoria,"OU=Temp123,DC=BOAAD2,DC=com",nathvic,nathan.victoria@boa.com,
Douglas,Olivia,Douglas Olivia,"OU=Temp123,DC=BOAAD2,DC=com",dougoli,douglas.olivia@boa.com,
Zachary,Kelly,Zachary Kelly,"OU=Temp123,DC=BOAAD2,DC=com",zachkel,zachary.kelly@boa.com,
Peter,Christina,Peter Christina,"OU=Temp123,DC=BOAAD2,DC=com",petechr,peter.christina@boa.com,
Kyle,Lauren,Kyle Lauren,"OU=Temp123,DC=BOAAD2,DC=com",kylelau,kyle.lauren@boa.com,
Walter,Joan,Walter Joan,"OU=Temp123,DC=BOAAD2,DC=com",waltjoa,walter.joan@boa.com,
Ethan,Evelyn,Ethan Evelyn,"OU=Temp123,DC=BOAAD2,DC=com",ethaeve,ethan.evelyn@boa.com,
Jeremy,Judith,Jeremy Judith,"OU=Temp123,DC=BOAAD2,DC=com",jerejud,jeremy.judith@boa.com,
Harold,Megan,Harold Megan,"OU=Temp123,DC=BOAAD2,DC=com",haromeg,harold.megan@boa.com,
Keith,Cheryl,Keith Cheryl,"OU=Temp123,DC=BOAAD2,DC=com",keitche,keith.cheryl@boa.com,
Christian,Andrea,Christian Andrea,"OU=Temp123,DC=BOAAD2,DC=com",chriand,christian.andrea@boa.com,
Roger,Hannah,Roger Hannah,"OU=Temp123,DC=BOAAD2,DC=com",rogehan,roger.hannah@boa.com,
Noah,Martha,Noah Martha,"OU=Temp123,DC=BOAAD2,DC=com",noahmar,noah.martha@boa.com,
Gerald,Jacqueline,Gerald Jacqueline,"OU=Temp123,DC=BOAAD2,DC=com",gerajac,gerald.jacqueline@boa.com,
Carl,Frances,Carl Frances,"OU=Temp123,DC=BOAAD2,DC=com",carlfra,carl.frances@boa.com,
Terry,Gloria,Terry Gloria,"OU=Temp123,DC=BOAAD2,DC=com",terrglo,terry.gloria@boa.com,
Sean,Ann,Sean Ann,"OU=Temp123,DC=BOAAD2,DC=com",seanann,sean.ann@boa.com,
Austin,Teresa,Austin Teresa,"OU=Temp123,DC=BOAAD2,DC=com",austter,austin.teresa@boa.com,
Arthur,Kathryn,Arthur Kathryn,"OU=Temp123,DC=BOAAD2,DC=com",arthkat,arthur.kathryn@boa.com,
Lawrence,Sara,Lawrence Sara,"OU=Temp123,DC=BOAAD2,DC=com",lawrsar,lawrence.sara@boa.com,
Jesse,Janice,Jesse Janice,"OU=Temp123,DC=BOAAD2,DC=com",jessjan,jesse.janice@boa.com,
Dylan,Jean,Dylan Jean,"OU=Temp123,DC=BOAAD2,DC=com",dylajea,dylan.jean@boa.com,
Bryan,Alice,Bryan Alice,"OU=Temp123,DC=BOAAD2,DC=com",bryaali,bryan.alice@boa.com,
Joe,Madison,Joe Madison,"OU=Temp123,DC=BOAAD2,DC=com",joemad,joe.madison@boa.com,
Jordan,Doris,Jordan Doris,"OU=Temp123,DC=BOAAD2,DC=com",jorddor,jordan.doris@boa.com,
Billy,Abigail,Billy Abigail,"OU=Temp123,DC=BOAAD2,DC=com",billabi,billy.abigail@boa.com,
Bruce,Julia,Bruce Julia,"OU=Temp123,DC=BOAAD2,DC=com",brucjul,bruce.julia@boa.com,
Albert,Judy,Albert Judy,"OU=Temp123,DC=BOAAD2,DC=com",albejud,albert.judy@boa.com,
Willie,Grace,Willie Grace,"OU=Temp123,DC=BOAAD2,DC=com",willgra,willie.grace@boa.com,
Gabriel,Denise,Gabriel Denise,"OU=Temp123,DC=BOAAD2,DC=com",gabrden,gabriel.denise@boa.com,
Logan,Amber,Logan Amber,"OU=Temp123,DC=BOAAD2,DC=com",logaamb,logan.amber@boa.com,
Alan,Marilyn,Alan Marilyn,"OU=Temp123,DC=BOAAD2,DC=com",alanmar,alan.marilyn@boa.com,
Juan,Beverly,Juan Beverly,"OU=Temp123,DC=BOAAD2,DC=com",juanbev,juan.beverly@boa.com,
Wayne,Danielle,Wayne Danielle,"OU=Temp123,DC=BOAAD2,DC=com",wayndan,wayne.danielle@boa.com,
Roy,Theresa,Roy Theresa,"OU=Temp123,DC=BOAAD2,DC=com",roythe,roy.theresa@boa.com,
Ralph,Sophia,Ralph Sophia,"OU=Temp123,DC=BOAAD2,DC=com",ralpsop,ralph.sophia@boa.com,
Randy,Marie,Randy Marie,"OU=Temp123,DC=BOAAD2,DC=com",randmar,randy.marie@boa.com,
Eugene,Diana,Eugene Diana,"OU=Temp123,DC=BOAAD2,DC=com",eugedia,eugene.diana@boa.com,
Vincent,Brittany,Vincent Brittany,"OU=Temp123,DC=BOAAD2,DC=com",vincbri,vincent.brittany@boa.com,
Russell,Natalie,Russell Natalie,"OU=Temp123,DC=BOAAD2,DC=com",russnat,russell.natalie@boa.com,
Elijah,Isabella,Elijah Isabella,"OU=Temp123,DC=BOAAD2,DC=com",elijisa,elijah.isabella@boa.com,
Louis,Charlotte,Louis Charlotte,"OU=Temp123,DC=BOAAD2,DC=com",louicha,louis.charlotte@boa.com,
Bobby,Rose,Bobby Rose,"OU=Temp123,DC=BOAAD2,DC=com",bobbros,bobby.rose@boa.com,
Philip,Alexis,Philip Alexis,"OU=Temp123,DC=BOAAD2,DC=com",philale,philip.alexis@boa.com,
Johnny,Kayla,Johnny Kayla,"OU=Temp123,DC=BOAAD2,DC=com",johnkay,johnny.kayla@boa.com,